{"steps": 13000, "loss_train": 7.518378879467491e-06, "loss_test": 6.199260496941861e-06, "accuracy_metric": 0.0043608578853309155, "_timestamp": 1680220976.9016616, "_runtime": 3521.5024967193604, "_step": 26, "_wandb": {"runtime": 3518}}