{"steps": 13000, "loss_train": 1.0583891707938164e-05, "loss_test": 8.844790500006638e-06, "accuracy_metric": 0.0038761592004448175, "_timestamp": 1680221426.0245535, "_runtime": 3246.2682604789734, "_step": 26, "_wandb": {"runtime": 3244}}