{"steps": 13000, "loss_train": 8.880570021574385e-06, "loss_test": 7.368612386926543e-06, "accuracy_metric": 0.003975154832005501, "_timestamp": 1680220999.0026538, "_runtime": 3286.8831119537354, "_step": 26, "_wandb": {"runtime": 3284}}